pilot_id,cohort_id,scope_level,scope_name,scope_gb_code,province,province_code,prefecture,prefecture_code,county,county_code,year,approval_date,approval_year,first_full_year,ever_treated,post_approval_year,post_full_year,event_time_approval_year,event_time_full_year
AI001,C1,直辖市,北京市,110000,北京市,110000,北京市,110100,,,2010,2019-02-20,2019,2020,1,0,0,-9,-10
AI001,C1,直辖市,北京市,110000,北京市,110000,北京市,110100,,,2011,2019-02-20,2019,2020,1,0,0,-8,-9
AI001,C1,直辖市,北京市,110000,北京市,110000,北京市,110100,,,2012,2019-02-20,2019,2020,1,0,0,-7,-8
AI001,C1,直辖市,北京市,110000,北京市,110000,北京市,110100,,,2013,2019-02-20,2019,2020,1,0,0,-6,-7
AI001,C1,直辖市,北京市,110000,北京市,110000,北京市,110100,,,2014,2019-02-20,2019,2020,1,0,0,-5,-6
AI001,C1,直辖市,北京市,110000,北京市,110000,北京市,110100,,,2015,2019-02-20,2019,2020,1,0,0,-4,-5
AI001,C1,直辖市,北京市,110000,北京市,110000,北京市,110100,,,2016,2019-02-20,2019,2020,1,0,0,-3,-4
AI001,C1,直辖市,北京市,110000,北京市,110000,北京市,110100,,,2017,2019-02-20,2019,2020,1,0,0,-2,-3
AI001,C1,直辖市,北京市,110000,北京市,110000,北京市,110100,,,2018,2019-02-20,2019,2020,1,0,0,-1,-2
AI001,C1,直辖市,北京市,110000,北京市,110000,北京市,110100,,,2019,2019-02-20,2019,2020,1,1,0,0,-1
AI001,C1,直辖市,北京市,110000,北京市,110000,北京市,110100,,,2020,2019-02-20,2019,2020,1,1,1,1,0
AI001,C1,直辖市,北京市,110000,北京市,110000,北京市,110100,,,2021,2019-02-20,2019,2020,1,1,1,2,1
AI001,C1,直辖市,北京市,110000,北京市,110000,北京市,110100,,,2022,2019-02-20,2019,2020,1,1,1,3,2
AI001,C1,直辖市,北京市,110000,北京市,110000,北京市,110100,,,2023,2019-02-20,2019,2020,1,1,1,4,3
AI001,C1,直辖市,北京市,110000,北京市,110000,北京市,110100,,,2024,2019-02-20,2019,2020,1,1,1,5,4
AI001,C1,直辖市,北京市,110000,北京市,110000,北京市,110100,,,2025,2019-02-20,2019,2020,1,1,1,6,5
AI002,C2,直辖市,上海市,310000,上海市,310000,上海市,310100,,,2010,2019-05-22,2019,2020,1,0,0,-9,-10
AI002,C2,直辖市,上海市,310000,上海市,310000,上海市,310100,,,2011,2019-05-22,2019,2020,1,0,0,-8,-9
AI002,C2,直辖市,上海市,310000,上海市,310000,上海市,310100,,,2012,2019-05-22,2019,2020,1,0,0,-7,-8
AI002,C2,直辖市,上海市,310000,上海市,310000,上海市,310100,,,2013,2019-05-22,2019,2020,1,0,0,-6,-7
AI002,C2,直辖市,上海市,310000,上海市,310000,上海市,310100,,,2014,2019-05-22,2019,2020,1,0,0,-5,-6
AI002,C2,直辖市,上海市,310000,上海市,310000,上海市,310100,,,2015,2019-05-22,2019,2020,1,0,0,-4,-5
AI002,C2,直辖市,上海市,310000,上海市,310000,上海市,310100,,,2016,2019-05-22,2019,2020,1,0,0,-3,-4
AI002,C2,直辖市,上海市,310000,上海市,310000,上海市,310100,,,2017,2019-05-22,2019,2020,1,0,0,-2,-3
AI002,C2,直辖市,上海市,310000,上海市,310000,上海市,310100,,,2018,2019-05-22,2019,2020,1,0,0,-1,-2
AI002,C2,直辖市,上海市,310000,上海市,310000,上海市,310100,,,2019,2019-05-22,2019,2020,1,1,0,0,-1
AI002,C2,直辖市,上海市,310000,上海市,310000,上海市,310100,,,2020,2019-05-22,2019,2020,1,1,1,1,0
AI002,C2,直辖市,上海市,310000,上海市,310000,上海市,310100,,,2021,2019-05-22,2019,2020,1,1,1,2,1
AI002,C2,直辖市,上海市,310000,上海市,310000,上海市,310100,,,2022,2019-05-22,2019,2020,1,1,1,3,2
AI002,C2,直辖市,上海市,310000,上海市,310000,上海市,310100,,,2023,2019-05-22,2019,2020,1,1,1,4,3
AI002,C2,直辖市,上海市,310000,上海市,310000,上海市,310100,,,2024,2019-05-22,2019,2020,1,1,1,5,4
AI002,C2,直辖市,上海市,310000,上海市,310000,上海市,310100,,,2025,2019-05-22,2019,2020,1,1,1,6,5
AI003,C3,直辖市,天津市,120000,天津市,120000,天津市,120100,,,2010,2019-10-17,2019,2020,1,0,0,-9,-10
AI003,C3,直辖市,天津市,120000,天津市,120000,天津市,120100,,,2011,2019-10-17,2019,2020,1,0,0,-8,-9
AI003,C3,直辖市,天津市,120000,天津市,120000,天津市,120100,,,2012,2019-10-17,2019,2020,1,0,0,-7,-8
AI003,C3,直辖市,天津市,120000,天津市,120000,天津市,120100,,,2013,2019-10-17,2019,2020,1,0,0,-6,-7
AI003,C3,直辖市,天津市,120000,天津市,120000,天津市,120100,,,2014,2019-10-17,2019,2020,1,0,0,-5,-6
AI003,C3,直辖市,天津市,120000,天津市,120000,天津市,120100,,,2015,2019-10-17,2019,2020,1,0,0,-4,-5
AI003,C3,直辖市,天津市,120000,天津市,120000,天津市,120100,,,2016,2019-10-17,2019,2020,1,0,0,-3,-4
AI003,C3,直辖市,天津市,120000,天津市,120000,天津市,120100,,,2017,2019-10-17,2019,2020,1,0,0,-2,-3
AI003,C3,直辖市,天津市,120000,天津市,120000,天津市,120100,,,2018,2019-10-17,2019,2020,1,0,0,-1,-2
AI003,C3,直辖市,天津市,120000,天津市,120000,天津市,120100,,,2019,2019-10-17,2019,2020,1,1,0,0,-1
AI003,C3,直辖市,天津市,120000,天津市,120000,天津市,120100,,,2020,2019-10-17,2019,2020,1,1,1,1,0
AI003,C3,直辖市,天津市,120000,天津市,120000,天津市,120100,,,2021,2019-10-17,2019,2020,1,1,1,2,1
AI003,C3,直辖市,天津市,120000,天津市,120000,天津市,120100,,,2022,2019-10-17,2019,2020,1,1,1,3,2
AI003,C3,直辖市,天津市,120000,天津市,120000,天津市,120100,,,2023,2019-10-17,2019,2020,1,1,1,4,3
AI003,C3,直辖市,天津市,120000,天津市,120000,天津市,120100,,,2024,2019-10-17,2019,2020,1,1,1,5,4
AI003,C3,直辖市,天津市,120000,天津市,120000,天津市,120100,,,2025,2019-10-17,2019,2020,1,1,1,6,5
AI004,C3,地级市,深圳市,440300,广东省,440000,深圳市,440300,,,2010,2019-10-17,2019,2020,1,0,0,-9,-10
AI004,C3,地级市,深圳市,440300,广东省,440000,深圳市,440300,,,2011,2019-10-17,2019,2020,1,0,0,-8,-9
AI004,C3,地级市,深圳市,440300,广东省,440000,深圳市,440300,,,2012,2019-10-17,2019,2020,1,0,0,-7,-8
AI004,C3,地级市,深圳市,440300,广东省,440000,深圳市,440300,,,2013,2019-10-17,2019,2020,1,0,0,-6,-7
AI004,C3,地级市,深圳市,440300,广东省,440000,深圳市,440300,,,2014,2019-10-17,2019,2020,1,0,0,-5,-6
AI004,C3,地级市,深圳市,440300,广东省,440000,深圳市,440300,,,2015,2019-10-17,2019,2020,1,0,0,-4,-5
AI004,C3,地级市,深圳市,440300,广东省,440000,深圳市,440300,,,2016,2019-10-17,2019,2020,1,0,0,-3,-4
AI004,C3,地级市,深圳市,440300,广东省,440000,深圳市,440300,,,2017,2019-10-17,2019,2020,1,0,0,-2,-3
AI004,C3,地级市,深圳市,440300,广东省,440000,深圳市,440300,,,2018,2019-10-17,2019,2020,1,0,0,-1,-2
AI004,C3,地级市,深圳市,440300,广东省,440000,深圳市,440300,,,2019,2019-10-17,2019,2020,1,1,0,0,-1
AI004,C3,地级市,深圳市,440300,广东省,440000,深圳市,440300,,,2020,2019-10-17,2019,2020,1,1,1,1,0
AI004,C3,地级市,深圳市,440300,广东省,440000,深圳市,440300,,,2021,2019-10-17,2019,2020,1,1,1,2,1
AI004,C3,地级市,深圳市,440300,广东省,440000,深圳市,440300,,,2022,2019-10-17,2019,2020,1,1,1,3,2
AI004,C3,地级市,深圳市,440300,广东省,440000,深圳市,440300,,,2023,2019-10-17,2019,2020,1,1,1,4,3
AI004,C3,地级市,深圳市,440300,广东省,440000,深圳市,440300,,,2024,2019-10-17,2019,2020,1,1,1,5,4
AI004,C3,地级市,深圳市,440300,广东省,440000,深圳市,440300,,,2025,2019-10-17,2019,2020,1,1,1,6,5
AI005,C3,地级市,杭州市,330100,浙江省,330000,杭州市,330100,,,2010,2019-10-17,2019,2020,1,0,0,-9,-10
AI005,C3,地级市,杭州市,330100,浙江省,330000,杭州市,330100,,,2011,2019-10-17,2019,2020,1,0,0,-8,-9
AI005,C3,地级市,杭州市,330100,浙江省,330000,杭州市,330100,,,2012,2019-10-17,2019,2020,1,0,0,-7,-8
AI005,C3,地级市,杭州市,330100,浙江省,330000,杭州市,330100,,,2013,2019-10-17,2019,2020,1,0,0,-6,-7
AI005,C3,地级市,杭州市,330100,浙江省,330000,杭州市,330100,,,2014,2019-10-17,2019,2020,1,0,0,-5,-6
AI005,C3,地级市,杭州市,330100,浙江省,330000,杭州市,330100,,,2015,2019-10-17,2019,2020,1,0,0,-4,-5
AI005,C3,地级市,杭州市,330100,浙江省,330000,杭州市,330100,,,2016,2019-10-17,2019,2020,1,0,0,-3,-4
AI005,C3,地级市,杭州市,330100,浙江省,330000,杭州市,330100,,,2017,2019-10-17,2019,2020,1,0,0,-2,-3
AI005,C3,地级市,杭州市,330100,浙江省,330000,杭州市,330100,,,2018,2019-10-17,2019,2020,1,0,0,-1,-2
AI005,C3,地级市,杭州市,330100,浙江省,330000,杭州市,330100,,,2019,2019-10-17,2019,2020,1,1,0,0,-1
AI005,C3,地级市,杭州市,330100,浙江省,330000,杭州市,330100,,,2020,2019-10-17,2019,2020,1,1,1,1,0
AI005,C3,地级市,杭州市,330100,浙江省,330000,杭州市,330100,,,2021,2019-10-17,2019,2020,1,1,1,2,1
AI005,C3,地级市,杭州市,330100,浙江省,330000,杭州市,330100,,,2022,2019-10-17,2019,2020,1,1,1,3,2
AI005,C3,地级市,杭州市,330100,浙江省,330000,杭州市,330100,,,2023,2019-10-17,2019,2020,1,1,1,4,3
AI005,C3,地级市,杭州市,330100,浙江省,330000,杭州市,330100,,,2024,2019-10-17,2019,2020,1,1,1,5,4
AI005,C3,地级市,杭州市,330100,浙江省,330000,杭州市,330100,,,2025,2019-10-17,2019,2020,1,1,1,6,5
AI006,C3,地级市,合肥市,340100,安徽省,340000,合肥市,340100,,,2010,2019-10-17,2019,2020,1,0,0,-9,-10
AI006,C3,地级市,合肥市,340100,安徽省,340000,合肥市,340100,,,2011,2019-10-17,2019,2020,1,0,0,-8,-9
AI006,C3,地级市,合肥市,340100,安徽省,340000,合肥市,340100,,,2012,2019-10-17,2019,2020,1,0,0,-7,-8
AI006,C3,地级市,合肥市,340100,安徽省,340000,合肥市,340100,,,2013,2019-10-17,2019,2020,1,0,0,-6,-7
AI006,C3,地级市,合肥市,340100,安徽省,340000,合肥市,340100,,,2014,2019-10-17,2019,2020,1,0,0,-5,-6
AI006,C3,地级市,合肥市,340100,安徽省,340000,合肥市,340100,,,2015,2019-10-17,2019,2020,1,0,0,-4,-5
AI006,C3,地级市,合肥市,340100,安徽省,340000,合肥市,340100,,,2016,2019-10-17,2019,2020,1,0,0,-3,-4
AI006,C3,地级市,合肥市,340100,安徽省,340000,合肥市,340100,,,2017,2019-10-17,2019,2020,1,0,0,-2,-3
AI006,C3,地级市,合肥市,340100,安徽省,340000,合肥市,340100,,,2018,2019-10-17,2019,2020,1,0,0,-1,-2
AI006,C3,地级市,合肥市,340100,安徽省,340000,合肥市,340100,,,2019,2019-10-17,2019,2020,1,1,0,0,-1
AI006,C3,地级市,合肥市,340100,安徽省,340000,合肥市,340100,,,2020,2019-10-17,2019,2020,1,1,1,1,0
AI006,C3,地级市,合肥市,340100,安徽省,340000,合肥市,340100,,,2021,2019-10-17,2019,2020,1,1,1,2,1
AI006,C3,地级市,合肥市,340100,安徽省,340000,合肥市,340100,,,2022,2019-10-17,2019,2020,1,1,1,3,2
AI006,C3,地级市,合肥市,340100,安徽省,340000,合肥市,340100,,,2023,2019-10-17,2019,2020,1,1,1,4,3
AI006,C3,地级市,合肥市,340100,安徽省,340000,合肥市,340100,,,2024,2019-10-17,2019,2020,1,1,1,5,4
AI006,C3,地级市,合肥市,340100,安徽省,340000,合肥市,340100,,,2025,2019-10-17,2019,2020,1,1,1,6,5
AI007,C4,县级,德清县,330521,浙江省,330000,湖州市,330500,德清县,330521,2010,2019-11-02,2019,2020,1,0,0,-9,-10
AI007,C4,县级,德清县,330521,浙江省,330000,湖州市,330500,德清县,330521,2011,2019-11-02,2019,2020,1,0,0,-8,-9
AI007,C4,县级,德清县,330521,浙江省,330000,湖州市,330500,德清县,330521,2012,2019-11-02,2019,2020,1,0,0,-7,-8
AI007,C4,县级,德清县,330521,浙江省,330000,湖州市,330500,德清县,330521,2013,2019-11-02,2019,2020,1,0,0,-6,-7
AI007,C4,县级,德清县,330521,浙江省,330000,湖州市,330500,德清县,330521,2014,2019-11-02,2019,2020,1,0,0,-5,-6
AI007,C4,县级,德清县,330521,浙江省,330000,湖州市,330500,德清县,330521,2015,2019-11-02,2019,2020,1,0,0,-4,-5
AI007,C4,县级,德清县,330521,浙江省,330000,湖州市,330500,德清县,330521,2016,2019-11-02,2019,2020,1,0,0,-3,-4
AI007,C4,县级,德清县,330521,浙江省,330000,湖州市,330500,德清县,330521,2017,2019-11-02,2019,2020,1,0,0,-2,-3
AI007,C4,县级,德清县,330521,浙江省,330000,湖州市,330500,德清县,330521,2018,2019-11-02,2019,2020,1,0,0,-1,-2
AI007,C4,县级,德清县,330521,浙江省,330000,湖州市,330500,德清县,330521,2019,2019-11-02,2019,2020,1,1,0,0,-1
AI007,C4,县级,德清县,330521,浙江省,330000,湖州市,330500,德清县,330521,2020,2019-11-02,2019,2020,1,1,1,1,0
AI007,C4,县级,德清县,330521,浙江省,330000,湖州市,330500,德清县,330521,2021,2019-11-02,2019,2020,1,1,1,2,1
AI007,C4,县级,德清县,330521,浙江省,330000,湖州市,330500,德清县,330521,2022,2019-11-02,2019,2020,1,1,1,3,2
AI007,C4,县级,德清县,330521,浙江省,330000,湖州市,330500,德清县,330521,2023,2019-11-02,2019,2020,1,1,1,4,3
AI007,C4,县级,德清县,330521,浙江省,330000,湖州市,330500,德清县,330521,2024,2019-11-02,2019,2020,1,1,1,5,4
AI007,C4,县级,德清县,330521,浙江省,330000,湖州市,330500,德清县,330521,2025,2019-11-02,2019,2020,1,1,1,6,5
AI008,C5,直辖市,重庆市,500000,重庆市,500000,重庆市,500100,,,2010,2020-01-23,2020,2021,1,0,0,-10,-11
AI008,C5,直辖市,重庆市,500000,重庆市,500000,重庆市,500100,,,2011,2020-01-23,2020,2021,1,0,0,-9,-10
AI008,C5,直辖市,重庆市,500000,重庆市,500000,重庆市,500100,,,2012,2020-01-23,2020,2021,1,0,0,-8,-9
AI008,C5,直辖市,重庆市,500000,重庆市,500000,重庆市,500100,,,2013,2020-01-23,2020,2021,1,0,0,-7,-8
AI008,C5,直辖市,重庆市,500000,重庆市,500000,重庆市,500100,,,2014,2020-01-23,2020,2021,1,0,0,-6,-7
AI008,C5,直辖市,重庆市,500000,重庆市,500000,重庆市,500100,,,2015,2020-01-23,2020,2021,1,0,0,-5,-6
AI008,C5,直辖市,重庆市,500000,重庆市,500000,重庆市,500100,,,2016,2020-01-23,2020,2021,1,0,0,-4,-5
AI008,C5,直辖市,重庆市,500000,重庆市,500000,重庆市,500100,,,2017,2020-01-23,2020,2021,1,0,0,-3,-4
AI008,C5,直辖市,重庆市,500000,重庆市,500000,重庆市,500100,,,2018,2020-01-23,2020,2021,1,0,0,-2,-3
AI008,C5,直辖市,重庆市,500000,重庆市,500000,重庆市,500100,,,2019,2020-01-23,2020,2021,1,0,0,-1,-2
AI008,C5,直辖市,重庆市,500000,重庆市,500000,重庆市,500100,,,2020,2020-01-23,2020,2021,1,1,0,0,-1
AI008,C5,直辖市,重庆市,500000,重庆市,500000,重庆市,500100,,,2021,2020-01-23,2020,2021,1,1,1,1,0
AI008,C5,直辖市,重庆市,500000,重庆市,500000,重庆市,500100,,,2022,2020-01-23,2020,2021,1,1,1,2,1
AI008,C5,直辖市,重庆市,500000,重庆市,500000,重庆市,500100,,,2023,2020-01-23,2020,2021,1,1,1,3,2
AI008,C5,直辖市,重庆市,500000,重庆市,500000,重庆市,500100,,,2024,2020-01-23,2020,2021,1,1,1,4,3
AI008,C5,直辖市,重庆市,500000,重庆市,500000,重庆市,500100,,,2025,2020-01-23,2020,2021,1,1,1,5,4
AI009,C5,地级市,成都市,510100,四川省,510000,成都市,510100,,,2010,2020-01-23,2020,2021,1,0,0,-10,-11
AI009,C5,地级市,成都市,510100,四川省,510000,成都市,510100,,,2011,2020-01-23,2020,2021,1,0,0,-9,-10
AI009,C5,地级市,成都市,510100,四川省,510000,成都市,510100,,,2012,2020-01-23,2020,2021,1,0,0,-8,-9
AI009,C5,地级市,成都市,510100,四川省,510000,成都市,510100,,,2013,2020-01-23,2020,2021,1,0,0,-7,-8
AI009,C5,地级市,成都市,510100,四川省,510000,成都市,510100,,,2014,2020-01-23,2020,2021,1,0,0,-6,-7
AI009,C5,地级市,成都市,510100,四川省,510000,成都市,510100,,,2015,2020-01-23,2020,2021,1,0,0,-5,-6
AI009,C5,地级市,成都市,510100,四川省,510000,成都市,510100,,,2016,2020-01-23,2020,2021,1,0,0,-4,-5
AI009,C5,地级市,成都市,510100,四川省,510000,成都市,510100,,,2017,2020-01-23,2020,2021,1,0,0,-3,-4
AI009,C5,地级市,成都市,510100,四川省,510000,成都市,510100,,,2018,2020-01-23,2020,2021,1,0,0,-2,-3
AI009,C5,地级市,成都市,510100,四川省,510000,成都市,510100,,,2019,2020-01-23,2020,2021,1,0,0,-1,-2
AI009,C5,地级市,成都市,510100,四川省,510000,成都市,510100,,,2020,2020-01-23,2020,2021,1,1,0,0,-1
AI009,C5,地级市,成都市,510100,四川省,510000,成都市,510100,,,2021,2020-01-23,2020,2021,1,1,1,1,0
AI009,C5,地级市,成都市,510100,四川省,510000,成都市,510100,,,2022,2020-01-23,2020,2021,1,1,1,2,1
AI009,C5,地级市,成都市,510100,四川省,510000,成都市,510100,,,2023,2020-01-23,2020,2021,1,1,1,3,2
AI009,C5,地级市,成都市,510100,四川省,510000,成都市,510100,,,2024,2020-01-23,2020,2021,1,1,1,4,3
AI009,C5,地级市,成都市,510100,四川省,510000,成都市,510100,,,2025,2020-01-23,2020,2021,1,1,1,5,4
AI010,C5,地级市,西安市,610100,陕西省,610000,西安市,610100,,,2010,2020-01-23,2020,2021,1,0,0,-10,-11
AI010,C5,地级市,西安市,610100,陕西省,610000,西安市,610100,,,2011,2020-01-23,2020,2021,1,0,0,-9,-10
AI010,C5,地级市,西安市,610100,陕西省,610000,西安市,610100,,,2012,2020-01-23,2020,2021,1,0,0,-8,-9
AI010,C5,地级市,西安市,610100,陕西省,610000,西安市,610100,,,2013,2020-01-23,2020,2021,1,0,0,-7,-8
AI010,C5,地级市,西安市,610100,陕西省,610000,西安市,610100,,,2014,2020-01-23,2020,2021,1,0,0,-6,-7
AI010,C5,地级市,西安市,610100,陕西省,610000,西安市,610100,,,2015,2020-01-23,2020,2021,1,0,0,-5,-6
AI010,C5,地级市,西安市,610100,陕西省,610000,西安市,610100,,,2016,2020-01-23,2020,2021,1,0,0,-4,-5
AI010,C5,地级市,西安市,610100,陕西省,610000,西安市,610100,,,2017,2020-01-23,2020,2021,1,0,0,-3,-4
AI010,C5,地级市,西安市,610100,陕西省,610000,西安市,610100,,,2018,2020-01-23,2020,2021,1,0,0,-2,-3
AI010,C5,地级市,西安市,610100,陕西省,610000,西安市,610100,,,2019,2020-01-23,2020,2021,1,0,0,-1,-2
AI010,C5,地级市,西安市,610100,陕西省,610000,西安市,610100,,,2020,2020-01-23,2020,2021,1,1,0,0,-1
AI010,C5,地级市,西安市,610100,陕西省,610000,西安市,610100,,,2021,2020-01-23,2020,2021,1,1,1,1,0
AI010,C5,地级市,西安市,610100,陕西省,610000,西安市,610100,,,2022,2020-01-23,2020,2021,1,1,1,2,1
AI010,C5,地级市,西安市,610100,陕西省,610000,西安市,610100,,,2023,2020-01-23,2020,2021,1,1,1,3,2
AI010,C5,地级市,西安市,610100,陕西省,610000,西安市,610100,,,2024,2020-01-23,2020,2021,1,1,1,4,3
AI010,C5,地级市,西安市,610100,陕西省,610000,西安市,610100,,,2025,2020-01-23,2020,2021,1,1,1,5,4
AI011,C5,地级市,济南市,370100,山东省,370000,济南市,370100,,,2010,2020-01-23,2020,2021,1,0,0,-10,-11
AI011,C5,地级市,济南市,370100,山东省,370000,济南市,370100,,,2011,2020-01-23,2020,2021,1,0,0,-9,-10
AI011,C5,地级市,济南市,370100,山东省,370000,济南市,370100,,,2012,2020-01-23,2020,2021,1,0,0,-8,-9
AI011,C5,地级市,济南市,370100,山东省,370000,济南市,370100,,,2013,2020-01-23,2020,2021,1,0,0,-7,-8
AI011,C5,地级市,济南市,370100,山东省,370000,济南市,370100,,,2014,2020-01-23,2020,2021,1,0,0,-6,-7
AI011,C5,地级市,济南市,370100,山东省,370000,济南市,370100,,,2015,2020-01-23,2020,2021,1,0,0,-5,-6
AI011,C5,地级市,济南市,370100,山东省,370000,济南市,370100,,,2016,2020-01-23,2020,2021,1,0,0,-4,-5
AI011,C5,地级市,济南市,370100,山东省,370000,济南市,370100,,,2017,2020-01-23,2020,2021,1,0,0,-3,-4
AI011,C5,地级市,济南市,370100,山东省,370000,济南市,370100,,,2018,2020-01-23,2020,2021,1,0,0,-2,-3
AI011,C5,地级市,济南市,370100,山东省,370000,济南市,370100,,,2019,2020-01-23,2020,2021,1,0,0,-1,-2
AI011,C5,地级市,济南市,370100,山东省,370000,济南市,370100,,,2020,2020-01-23,2020,2021,1,1,0,0,-1
AI011,C5,地级市,济南市,370100,山东省,370000,济南市,370100,,,2021,2020-01-23,2020,2021,1,1,1,1,0
AI011,C5,地级市,济南市,370100,山东省,370000,济南市,370100,,,2022,2020-01-23,2020,2021,1,1,1,2,1
AI011,C5,地级市,济南市,370100,山东省,370000,济南市,370100,,,2023,2020-01-23,2020,2021,1,1,1,3,2
AI011,C5,地级市,济南市,370100,山东省,370000,济南市,370100,,,2024,2020-01-23,2020,2021,1,1,1,4,3
AI011,C5,地级市,济南市,370100,山东省,370000,济南市,370100,,,2025,2020-01-23,2020,2021,1,1,1,5,4
AI012,C6,地级市,广州市,440100,广东省,440000,广州市,440100,,,2010,2020-09-03,2020,2021,1,0,0,-10,-11
AI012,C6,地级市,广州市,440100,广东省,440000,广州市,440100,,,2011,2020-09-03,2020,2021,1,0,0,-9,-10
AI012,C6,地级市,广州市,440100,广东省,440000,广州市,440100,,,2012,2020-09-03,2020,2021,1,0,0,-8,-9
AI012,C6,地级市,广州市,440100,广东省,440000,广州市,440100,,,2013,2020-09-03,2020,2021,1,0,0,-7,-8
AI012,C6,地级市,广州市,440100,广东省,440000,广州市,440100,,,2014,2020-09-03,2020,2021,1,0,0,-6,-7
AI012,C6,地级市,广州市,440100,广东省,440000,广州市,440100,,,2015,2020-09-03,2020,2021,1,0,0,-5,-6
AI012,C6,地级市,广州市,440100,广东省,440000,广州市,440100,,,2016,2020-09-03,2020,2021,1,0,0,-4,-5
AI012,C6,地级市,广州市,440100,广东省,440000,广州市,440100,,,2017,2020-09-03,2020,2021,1,0,0,-3,-4
AI012,C6,地级市,广州市,440100,广东省,440000,广州市,440100,,,2018,2020-09-03,2020,2021,1,0,0,-2,-3
AI012,C6,地级市,广州市,440100,广东省,440000,广州市,440100,,,2019,2020-09-03,2020,2021,1,0,0,-1,-2
AI012,C6,地级市,广州市,440100,广东省,440000,广州市,440100,,,2020,2020-09-03,2020,2021,1,1,0,0,-1
AI012,C6,地级市,广州市,440100,广东省,440000,广州市,440100,,,2021,2020-09-03,2020,2021,1,1,1,1,0
AI012,C6,地级市,广州市,440100,广东省,440000,广州市,440100,,,2022,2020-09-03,2020,2021,1,1,1,2,1
AI012,C6,地级市,广州市,440100,广东省,440000,广州市,440100,,,2023,2020-09-03,2020,2021,1,1,1,3,2
AI012,C6,地级市,广州市,440100,广东省,440000,广州市,440100,,,2024,2020-09-03,2020,2021,1,1,1,4,3
AI012,C6,地级市,广州市,440100,广东省,440000,广州市,440100,,,2025,2020-09-03,2020,2021,1,1,1,5,4
AI013,C6,地级市,武汉市,420100,湖北省,420000,武汉市,420100,,,2010,2020-09-03,2020,2021,1,0,0,-10,-11
AI013,C6,地级市,武汉市,420100,湖北省,420000,武汉市,420100,,,2011,2020-09-03,2020,2021,1,0,0,-9,-10
AI013,C6,地级市,武汉市,420100,湖北省,420000,武汉市,420100,,,2012,2020-09-03,2020,2021,1,0,0,-8,-9
AI013,C6,地级市,武汉市,420100,湖北省,420000,武汉市,420100,,,2013,2020-09-03,2020,2021,1,0,0,-7,-8
AI013,C6,地级市,武汉市,420100,湖北省,420000,武汉市,420100,,,2014,2020-09-03,2020,2021,1,0,0,-6,-7
AI013,C6,地级市,武汉市,420100,湖北省,420000,武汉市,420100,,,2015,2020-09-03,2020,2021,1,0,0,-5,-6
AI013,C6,地级市,武汉市,420100,湖北省,420000,武汉市,420100,,,2016,2020-09-03,2020,2021,1,0,0,-4,-5
AI013,C6,地级市,武汉市,420100,湖北省,420000,武汉市,420100,,,2017,2020-09-03,2020,2021,1,0,0,-3,-4
AI013,C6,地级市,武汉市,420100,湖北省,420000,武汉市,420100,,,2018,2020-09-03,2020,2021,1,0,0,-2,-3
AI013,C6,地级市,武汉市,420100,湖北省,420000,武汉市,420100,,,2019,2020-09-03,2020,2021,1,0,0,-1,-2
AI013,C6,地级市,武汉市,420100,湖北省,420000,武汉市,420100,,,2020,2020-09-03,2020,2021,1,1,0,0,-1
AI013,C6,地级市,武汉市,420100,湖北省,420000,武汉市,420100,,,2021,2020-09-03,2020,2021,1,1,1,1,0
AI013,C6,地级市,武汉市,420100,湖北省,420000,武汉市,420100,,,2022,2020-09-03,2020,2021,1,1,1,2,1
AI013,C6,地级市,武汉市,420100,湖北省,420000,武汉市,420100,,,2023,2020-09-03,2020,2021,1,1,1,3,2
AI013,C6,地级市,武汉市,420100,湖北省,420000,武汉市,420100,,,2024,2020-09-03,2020,2021,1,1,1,4,3
AI013,C6,地级市,武汉市,420100,湖北省,420000,武汉市,420100,,,2025,2020-09-03,2020,2021,1,1,1,5,4
AI014,C7,地级市,苏州市,320500,江苏省,320000,苏州市,320500,,,2010,2021-03-19,2021,2022,1,0,0,-11,-12
AI014,C7,地级市,苏州市,320500,江苏省,320000,苏州市,320500,,,2011,2021-03-19,2021,2022,1,0,0,-10,-11
AI014,C7,地级市,苏州市,320500,江苏省,320000,苏州市,320500,,,2012,2021-03-19,2021,2022,1,0,0,-9,-10
AI014,C7,地级市,苏州市,320500,江苏省,320000,苏州市,320500,,,2013,2021-03-19,2021,2022,1,0,0,-8,-9
AI014,C7,地级市,苏州市,320500,江苏省,320000,苏州市,320500,,,2014,2021-03-19,2021,2022,1,0,0,-7,-8
AI014,C7,地级市,苏州市,320500,江苏省,320000,苏州市,320500,,,2015,2021-03-19,2021,2022,1,0,0,-6,-7
AI014,C7,地级市,苏州市,320500,江苏省,320000,苏州市,320500,,,2016,2021-03-19,2021,2022,1,0,0,-5,-6
AI014,C7,地级市,苏州市,320500,江苏省,320000,苏州市,320500,,,2017,2021-03-19,2021,2022,1,0,0,-4,-5
AI014,C7,地级市,苏州市,320500,江苏省,320000,苏州市,320500,,,2018,2021-03-19,2021,2022,1,0,0,-3,-4
AI014,C7,地级市,苏州市,320500,江苏省,320000,苏州市,320500,,,2019,2021-03-19,2021,2022,1,0,0,-2,-3
AI014,C7,地级市,苏州市,320500,江苏省,320000,苏州市,320500,,,2020,2021-03-19,2021,2022,1,0,0,-1,-2
AI014,C7,地级市,苏州市,320500,江苏省,320000,苏州市,320500,,,2021,2021-03-19,2021,2022,1,1,0,0,-1
AI014,C7,地级市,苏州市,320500,江苏省,320000,苏州市,320500,,,2022,2021-03-19,2021,2022,1,1,1,1,0
AI014,C7,地级市,苏州市,320500,江苏省,320000,苏州市,320500,,,2023,2021-03-19,2021,2022,1,1,1,2,1
AI014,C7,地级市,苏州市,320500,江苏省,320000,苏州市,320500,,,2024,2021-03-19,2021,2022,1,1,1,3,2
AI014,C7,地级市,苏州市,320500,江苏省,320000,苏州市,320500,,,2025,2021-03-19,2021,2022,1,1,1,4,3
AI015,C7,地级市,长沙市,430100,湖南省,430000,长沙市,430100,,,2010,2021-03-19,2021,2022,1,0,0,-11,-12
AI015,C7,地级市,长沙市,430100,湖南省,430000,长沙市,430100,,,2011,2021-03-19,2021,2022,1,0,0,-10,-11
AI015,C7,地级市,长沙市,430100,湖南省,430000,长沙市,430100,,,2012,2021-03-19,2021,2022,1,0,0,-9,-10
AI015,C7,地级市,长沙市,430100,湖南省,430000,长沙市,430100,,,2013,2021-03-19,2021,2022,1,0,0,-8,-9
AI015,C7,地级市,长沙市,430100,湖南省,430000,长沙市,430100,,,2014,2021-03-19,2021,2022,1,0,0,-7,-8
AI015,C7,地级市,长沙市,430100,湖南省,430000,长沙市,430100,,,2015,2021-03-19,2021,2022,1,0,0,-6,-7
AI015,C7,地级市,长沙市,430100,湖南省,430000,长沙市,430100,,,2016,2021-03-19,2021,2022,1,0,0,-5,-6
AI015,C7,地级市,长沙市,430100,湖南省,430000,长沙市,430100,,,2017,2021-03-19,2021,2022,1,0,0,-4,-5
AI015,C7,地级市,长沙市,430100,湖南省,430000,长沙市,430100,,,2018,2021-03-19,2021,2022,1,0,0,-3,-4
AI015,C7,地级市,长沙市,430100,湖南省,430000,长沙市,430100,,,2019,2021-03-19,2021,2022,1,0,0,-2,-3
AI015,C7,地级市,长沙市,430100,湖南省,430000,长沙市,430100,,,2020,2021-03-19,2021,2022,1,0,0,-1,-2
AI015,C7,地级市,长沙市,430100,湖南省,430000,长沙市,430100,,,2021,2021-03-19,2021,2022,1,1,0,0,-1
AI015,C7,地级市,长沙市,430100,湖南省,430000,长沙市,430100,,,2022,2021-03-19,2021,2022,1,1,1,1,0
AI015,C7,地级市,长沙市,430100,湖南省,430000,长沙市,430100,,,2023,2021-03-19,2021,2022,1,1,1,2,1
AI015,C7,地级市,长沙市,430100,湖南省,430000,长沙市,430100,,,2024,2021-03-19,2021,2022,1,1,1,3,2
AI015,C7,地级市,长沙市,430100,湖南省,430000,长沙市,430100,,,2025,2021-03-19,2021,2022,1,1,1,4,3
AI016,C8,地级市,沈阳市,210100,辽宁省,210000,沈阳市,210100,,,2010,2021-11-13,2021,2022,1,0,0,-11,-12
AI016,C8,地级市,沈阳市,210100,辽宁省,210000,沈阳市,210100,,,2011,2021-11-13,2021,2022,1,0,0,-10,-11
AI016,C8,地级市,沈阳市,210100,辽宁省,210000,沈阳市,210100,,,2012,2021-11-13,2021,2022,1,0,0,-9,-10
AI016,C8,地级市,沈阳市,210100,辽宁省,210000,沈阳市,210100,,,2013,2021-11-13,2021,2022,1,0,0,-8,-9
AI016,C8,地级市,沈阳市,210100,辽宁省,210000,沈阳市,210100,,,2014,2021-11-13,2021,2022,1,0,0,-7,-8
AI016,C8,地级市,沈阳市,210100,辽宁省,210000,沈阳市,210100,,,2015,2021-11-13,2021,2022,1,0,0,-6,-7
AI016,C8,地级市,沈阳市,210100,辽宁省,210000,沈阳市,210100,,,2016,2021-11-13,2021,2022,1,0,0,-5,-6
AI016,C8,地级市,沈阳市,210100,辽宁省,210000,沈阳市,210100,,,2017,2021-11-13,2021,2022,1,0,0,-4,-5
AI016,C8,地级市,沈阳市,210100,辽宁省,210000,沈阳市,210100,,,2018,2021-11-13,2021,2022,1,0,0,-3,-4
AI016,C8,地级市,沈阳市,210100,辽宁省,210000,沈阳市,210100,,,2019,2021-11-13,2021,2022,1,0,0,-2,-3
AI016,C8,地级市,沈阳市,210100,辽宁省,210000,沈阳市,210100,,,2020,2021-11-13,2021,2022,1,0,0,-1,-2
AI016,C8,地级市,沈阳市,210100,辽宁省,210000,沈阳市,210100,,,2021,2021-11-13,2021,2022,1,1,0,0,-1
AI016,C8,地级市,沈阳市,210100,辽宁省,210000,沈阳市,210100,,,2022,2021-11-13,2021,2022,1,1,1,1,0
AI016,C8,地级市,沈阳市,210100,辽宁省,210000,沈阳市,210100,,,2023,2021-11-13,2021,2022,1,1,1,2,1
AI016,C8,地级市,沈阳市,210100,辽宁省,210000,沈阳市,210100,,,2024,2021-11-13,2021,2022,1,1,1,3,2
AI016,C8,地级市,沈阳市,210100,辽宁省,210000,沈阳市,210100,,,2025,2021-11-13,2021,2022,1,1,1,4,3
AI017,C8,地级市,哈尔滨市,230100,黑龙江省,230000,哈尔滨市,230100,,,2010,2021-11-13,2021,2022,1,0,0,-11,-12
AI017,C8,地级市,哈尔滨市,230100,黑龙江省,230000,哈尔滨市,230100,,,2011,2021-11-13,2021,2022,1,0,0,-10,-11
AI017,C8,地级市,哈尔滨市,230100,黑龙江省,230000,哈尔滨市,230100,,,2012,2021-11-13,2021,2022,1,0,0,-9,-10
AI017,C8,地级市,哈尔滨市,230100,黑龙江省,230000,哈尔滨市,230100,,,2013,2021-11-13,2021,2022,1,0,0,-8,-9
AI017,C8,地级市,哈尔滨市,230100,黑龙江省,230000,哈尔滨市,230100,,,2014,2021-11-13,2021,2022,1,0,0,-7,-8
AI017,C8,地级市,哈尔滨市,230100,黑龙江省,230000,哈尔滨市,230100,,,2015,2021-11-13,2021,2022,1,0,0,-6,-7
AI017,C8,地级市,哈尔滨市,230100,黑龙江省,230000,哈尔滨市,230100,,,2016,2021-11-13,2021,2022,1,0,0,-5,-6
AI017,C8,地级市,哈尔滨市,230100,黑龙江省,230000,哈尔滨市,230100,,,2017,2021-11-13,2021,2022,1,0,0,-4,-5
AI017,C8,地级市,哈尔滨市,230100,黑龙江省,230000,哈尔滨市,230100,,,2018,2021-11-13,2021,2022,1,0,0,-3,-4
AI017,C8,地级市,哈尔滨市,230100,黑龙江省,230000,哈尔滨市,230100,,,2019,2021-11-13,2021,2022,1,0,0,-2,-3
AI017,C8,地级市,哈尔滨市,230100,黑龙江省,230000,哈尔滨市,230100,,,2020,2021-11-13,2021,2022,1,0,0,-1,-2
AI017,C8,地级市,哈尔滨市,230100,黑龙江省,230000,哈尔滨市,230100,,,2021,2021-11-13,2021,2022,1,1,0,0,-1
AI017,C8,地级市,哈尔滨市,230100,黑龙江省,230000,哈尔滨市,230100,,,2022,2021-11-13,2021,2022,1,1,1,1,0
AI017,C8,地级市,哈尔滨市,230100,黑龙江省,230000,哈尔滨市,230100,,,2023,2021-11-13,2021,2022,1,1,1,2,1
AI017,C8,地级市,哈尔滨市,230100,黑龙江省,230000,哈尔滨市,230100,,,2024,2021-11-13,2021,2022,1,1,1,3,2
AI017,C8,地级市,哈尔滨市,230100,黑龙江省,230000,哈尔滨市,230100,,,2025,2021-11-13,2021,2022,1,1,1,4,3
AI018,C8,地级市,郑州市,410100,河南省,410000,郑州市,410100,,,2010,2021-11-13,2021,2022,1,0,0,-11,-12
AI018,C8,地级市,郑州市,410100,河南省,410000,郑州市,410100,,,2011,2021-11-13,2021,2022,1,0,0,-10,-11
AI018,C8,地级市,郑州市,410100,河南省,410000,郑州市,410100,,,2012,2021-11-13,2021,2022,1,0,0,-9,-10
AI018,C8,地级市,郑州市,410100,河南省,410000,郑州市,410100,,,2013,2021-11-13,2021,2022,1,0,0,-8,-9
AI018,C8,地级市,郑州市,410100,河南省,410000,郑州市,410100,,,2014,2021-11-13,2021,2022,1,0,0,-7,-8
AI018,C8,地级市,郑州市,410100,河南省,410000,郑州市,410100,,,2015,2021-11-13,2021,2022,1,0,0,-6,-7
AI018,C8,地级市,郑州市,410100,河南省,410000,郑州市,410100,,,2016,2021-11-13,2021,2022,1,0,0,-5,-6
AI018,C8,地级市,郑州市,410100,河南省,410000,郑州市,410100,,,2017,2021-11-13,2021,2022,1,0,0,-4,-5
AI018,C8,地级市,郑州市,410100,河南省,410000,郑州市,410100,,,2018,2021-11-13,2021,2022,1,0,0,-3,-4
AI018,C8,地级市,郑州市,410100,河南省,410000,郑州市,410100,,,2019,2021-11-13,2021,2022,1,0,0,-2,-3
AI018,C8,地级市,郑州市,410100,河南省,410000,郑州市,410100,,,2020,2021-11-13,2021,2022,1,0,0,-1,-2
AI018,C8,地级市,郑州市,410100,河南省,410000,郑州市,410100,,,2021,2021-11-13,2021,2022,1,1,0,0,-1
AI018,C8,地级市,郑州市,410100,河南省,410000,郑州市,410100,,,2022,2021-11-13,2021,2022,1,1,1,1,0
AI018,C8,地级市,郑州市,410100,河南省,410000,郑州市,410100,,,2023,2021-11-13,2021,2022,1,1,1,2,1
AI018,C8,地级市,郑州市,410100,河南省,410000,郑州市,410100,,,2024,2021-11-13,2021,2022,1,1,1,3,2
AI018,C8,地级市,郑州市,410100,河南省,410000,郑州市,410100,,,2025,2021-11-13,2021,2022,1,1,1,4,3
